	gene
2	nspc-20
4	nspc-7
134	F45E1.2
69	sre-39
266	acc-3
73	C24A3.9
148	hpo-39
38	T07D4.2
5	C31B8.7
284	T24C2.3
285	F11C3.1
286	srbc-38
287	ZK380.2
160	srg-33
289	F55D1.1
504	srd-44
292	irld-65
517	Y59E1A.4
302	flp-26
168	F49E12.7
533	C03B1.1
87	sre-12
309	sri-77
11	D1081.4
44	srt-41
89	Y87G2A.25
173	W07G4.7
90	C55A1.6
174	F59B10.4
540	C18B10.6
541	C13A2.6
316	dhc-3
317	F47B8.14
318	F37D6.3
319	nhr-174
321	W09H1.3
854	C03B1.2
181	F48E8.4
566	W02H5.16
864	F25E5.9
865	srx-47
866	srt-11
867	Y51H7C.41
872	srg-4
878	C29E4.9
578	F49E8.8
3	sec-12
6	F44E5.4
12	Y73F4A.1
24	E01G4.3
186	F17H10.1
338	srh-24
339	srab-17
340	R08C7.12
587	R06B9.5
97	Y73B6BL.22
189	srbc-11
99	scl-18
344	ZK686.6
892	W04G5.4
893	cpr-2
346	Y57G11C.28
894	srt-5
1195	ZC443.7
1502	Y70C5B.1
1503	npr-28
895	ins-9
1197	Y39B6A.69
1505	T22B7.7
896	fbxa-26
1199	rfs-1
1507	srm-4
1508	F10E9.10
1509	R148.8
1510	C39F7.5
1511	Y38C1AA.12
1846	fbxa-128
1847	flp-17
1202	dhs-23
1514	F42D1.4
1515	sly-1
597	cutl-7
900	AH10.4
901	str-44
1206	srd-25
1521	Y11D7A.3
25	T22F7.4
598	clec-203
903	C02B4.3
599	F47B8.1
193	sru-31
351	Y73B6BL.14
601	T07H3.7
352	sru-18
195	unc-119
354	tre-2
355	F19B6.10
102	hsp-4
196	sinh-1
197	let-858
103	gst-24
360	srd-28
1212	glb-34
1213	srx-92
911	sri-2
1215	srh-204
199	klu-2
362	K02F6.6
1216	Y51A2B.8
1534	srh-44
1535	srg-40
1537	srh-52
363	C07G3.10
914	otpl-7
915	Y74C10AR.2
1223	C33C12.1
1539	K10G6.9
1872	B0511.17
1541	W04G5.9
1876	K09F6.7
2228	str-252
13	hsp-16.48
26	hsp-16.41
52	srz-25
104	spp-28
200	F59B2.13
201	tag-180
366	srsx-19
367	dpy-20
626	F54B8.4
627	F59C12.4
105	srh-179
203	gst-1
628	T13C5.6
629	abf-6
369	ZK971.1
927	gst-12
53	pdf-1
106	nlp-64
632	Y51H4A.23
931	T01C1.4
371	srg-65
635	srd-61
372	srt-12
934	nlp-12
1548	lgc-56
1549	C25G6.1
1241	Y39A3A.2
1551	K10H10.9
1242	F54B3.4
1554	F26G1.15
1555	F31B12.4
937	exp-1
1245	cho-1
374	C54C6.5
642	bath-44
938	set-11
939	lgc-52
376	scp-1
645	col-61
646	ZC132.11
944	ins-30
945	K04D7.6
647	flp-8
947	R02D5.6
1258	col-151
1259	his-11
1895	Y60C6A.1
27	unc-54
54	flp-1
55	xbx-6
111	rab-3
208	snet-1
378	nlp-17
648	B0228.1
649	Y77E11A.16
950	C06C3.3
951	shw-3
379	glb-18
650	T19D7.5
651	T20F5.8
954	ctc-1
1266	C23F12.9
1896	F23D12.3
1897	degl-1
1898	srx-17
2239	ZK742.7
1899	oct-1
955	nlp-57
1572	cgp-1
1902	cal-8
2242	nlp-70
2243	gcy-33
1903	ZC334.13
1269	gcy-19
1574	nlp-78
1904	ins-28
1905	W05E10.2
2604	srx-68
2605	lgc-40
1575	cex-1
1907	nlp-80
380	zip-2
652	R102.2
956	F08H9.4
957	gst-5
1272	Y38H6C.24
1273	F38B6.2
958	B0303.7
959	F41B4.3
1276	W04G5.8
1277	vha-1
1584	F11C1.4
1912	hlh-17
1913	fipr-24
1914	F45B8.5
2257	ilys-4
2610	lin-15A
2611	Y119C1B.3
2258	F10B5.3
2259	nhr-264
381	ubh-1
654	mec-17
962	flp-24
1281	flp-12
963	rgef-1
7	sac-1
14	D1054.10
28	ZC373.2
56	clc-9
112	ZK596.3
210	sre-6
211	irk-2
113	rbf-1
659	scl-9
387	snt-2
661	glb-24
388	T10B10.9
389	Y62H9A.2
665	C45B2.6
391	egas-2
668	F59A1.16
669	dot-1.2
115	F35D11.3
673	str-16
217	srw-16
395	R10E8.5
676	F42A9.11
981	R02D5.9
29	ule-5
58	ttr-15
116	F55B11.5
218	egas-1
679	klo-2
219	W02D9.7
1304	F29D10.2
1306	R02D5.4
400	fbxa-179
995	F46B3.15
221	C05B5.1
996	srx-22
59	clc-4
118	F38A5.22
405	srh-71
696	B0554.5
697	alh-2
119	clec-223
698	Y116A8A.150
225	K11D12.13
15	nduo-4
30	dod-6
60	phat-5
120	F40E10.5
412	srr-10
704	aat-6
1014	clec-206
1015	ZK218.11
705	irld-55
706	T25B6.1
1020	C07C7.3
1339	C45H4.21
1022	str-143
1626	Y39A3B.7
1627	srg-37
1346	F22B3.7
1349	srv-25
415	srw-91
1026	clec-132
1027	irld-17
1637	srab-10
1028	F49C5.16
121	F41G3.21
228	idpb-4
416	T26E4.9
417	idpb-5
715	F56H6.13
1033	srh-73
229	grl-11
1642	T05C1.5
1361	T05B4.9
1653	srw-82
1654	Y38C1AA.19
1655	stdh-4
2275	srh-304
1657	str-48
61	phat-7
122	nlp-18
231	phat-3
420	oac-52
722	T05B4.12
1041	idpp-9
723	F18E3.10
1043	lys-8
123	T20G5.8
232	phat-8
423	msrp-7
725	C55A1.7
233	M05D6.8
424	tag-293
727	scl-6
425	C32H11.11
31	cts-1
62	ttr-50
730	arrd-11
1667	Y113G7B.27
731	scl-27
1670	F08G12.11
1671	Y51B9A.14
1674	F19F10.14
1675	F11C7.6
1056	R160.6
1678	ceh-7
1977	fbxa-10
2285	F26F2.1
1978	K08D8.1
2288	ZK218.1
2289	srh-74
235	C26F1.1
429	srlf-1
734	ugt-14
1058	srw-14
1396	T09E11.8
1686	epac-1
1687	C07G1.15
1982	F49D11.11
3002	T26C11.4
3003	srw-62
1983	pnk-4
1398	F16G10.14
1692	C17H12.8
2294	C03E10.3
2297	srh-269
125	C17C3.3
430	R07C12.3
1403	C02E7.10
1695	srh-217
1404	ZK228.1
1405	Y57G11C.30
1406	T26C12.2
1702	C06E4.6
2000	srj-54
1065	cyp-13A6
738	srj-45
1067	grl-28
1412	T24E12.3
1708	C26E1.2
1414	Y94A7B.11
1712	nspg-7.2
2008	srw-15
432	Y79H2A.4
742	clec-101
1074	R08E5.1
1718	T04G9.6
2017	K12H6.8
63	bpnt-1
126	sqt-3
238	dpy-14
744	W07G4.1
1078	C35A5.11
1422	nstp-3
2019	C01G5.7
1721	srx-42
2021	spig-6
1423	F40H3.3
1723	F46E10.3
1424	far-5
1724	spe-27
2025	D1046.16
2027	H40L08.2
2328	cyp-13B2
2329	F32F2.4
2663	C03D6.1
1425	nhr-201
1726	daf-11
2330	mltn-7
2331	D2023.1
2332	cyp-29A4
2333	npr-31
3017	C47F8.6
435	nhr-163
746	sym-1
1080	F58H10.1
1426	aass-1
2338	sru-19
2339	K02E7.7
2034	Y105C5B.15
2342	mdt-21
2343	spp-12
1427	ced-1
1730	F55C9.5
2036	arl-5
2037	F49C5.12
2347	srx-80
1731	K08E3.2
2038	F44A6.3
3022	nhr-5
3023	tag-138
2689	K11H12.7
3024	str-101
3025	C07A4.2
2690	Y43F8B.22
3028	dmsr-13
2350	T05E12.8
2694	her-1
3399	str-225
3035	srab-25
2040	gpdh-1
3039	sre-26
1733	jac-1
2042	otpl-6
3040	M01B2.12
2702	Y53H1B.4
2703	sre-27
2043	nhr-165
2358	M03A1.3
2705	nhr-77
2359	F21G4.1
3048	Y43F8B.17
3806	srx-118
3415	F40D4.12
1429	VC5.2
1734	mlst-8
2044	K09D9.1
2045	bgnt-1.5
2362	Y57G7A.11
2363	col-64
2046	tdo-2
2364	C54F6.19
2365	algn-14
2715	Y7A5A.2
2367	F59D6.1
747	lpr-6
1082	ttr-59
2718	T11G6.3
2719	nhr-30
2371	T13C5.9
2722	str-193
3062	str-243
3063	clec-102
2050	far-3
2372	F49C12.2
2373	F08D12.4
2729	zig-3
2730	K01B6.4
3070	srx-96
1083	W06A11.1
1432	F01D5.6
1738	srh-46
1739	T26C5.2
2054	C03A3.3
2380	C30G12.4
2732	K08D12.4
2733	H13N06.7
2734	Y54G2A.28
2735	hlh-32
2382	Y32B12A.5
3438	hlh-19
2739	str-15
2384	cutl-5
2741	nhr-253
3087	grd-16
1741	cpin-1
2058	haly-1
2386	R12C12.5
2387	uroc-1
2747	F47H4.2
2388	dbr-1
2748	ceh-5
2749	C01G10.5
3821	srbc-12
3097	F49F1.11
3824	F19G12.4
239	cut-2
436	grl-15
748	dhp-1
1084	T24A6.16
1435	Y68A4B.3
1085	T23F6.5
749	Y37A1B.7
1438	W04G5.5
1748	oac-37
2063	F49F1.9
1749	C17F4.3
2065	ZK105.8
1087	wrt-2
1440	C07A9.5
2394	T15D6.1
2395	R07B7.12
1752	ZC168.2
2070	C14C6.8
2071	F49C12.5
437	col-74
750	col-109
1088	col-14
1755	sre-29
1443	srlf-34
1757	nhr-233
1089	unc-8
1444	C29G2.3
1758	ZC262.10
1759	T07G12.5
2080	srg-53
1445	lgc-46
1760	col-33
2082	dat-1
2760	F16G10.2
2761	ZK688.1
2410	Y57E12B.1
2411	F17C11.22
2764	C26G2.2
2765	ptr-17
2412	try-4
2413	F55E10.2
2769	K11H12.10
2085	trp-4
2415	F35H8.12
751	Y64H9A.2
1090	cnc-6
1762	C38C6.3
1763	T03F7.7
1091	acdh-6
1448	R12E2.15
1449	col-34
1766	F32A7.8
2092	nspf-2
2093	srb-15
2421	oac-17
2095	F09G8.5
2422	glb-17
2774	H05C05.4
3112	glb-21
3113	Y43F8B.20
2775	F43C11.16
2423	F47B7.4
127	aly-3
240	msp-59
438	Y1A5A.1
752	F25B3.4
1092	Y69A2AR.50
1451	C29E4.17
1768	Y32B12B.8
1769	T15B12.2
1452	R09E10.8
1770	Y116A8C.468
2103	oac-19
1453	C44C10.7
1772	bre-4
2104	nep-3
2426	Y119C1B.11
2427	C08D8.1
2105	F41F3.9
2429	C24H12.6
2785	F46F5.16
1773	Y39F10A.6
753	W01B6.4
1094	Y116A8A.7
2108	C25G4.7
2109	F55G11.6
2434	str-165
2435	F41D3.6
1455	Y46B2A.3
1776	H12I13.1
2112	F58G1.8
2792	nhr-282
2793	Y53G8AM.6
2438	sra-23
2796	F39F10.3
2797	Y39F10C.1
3132	Y44A6B.3
3133	hsd-1
1777	T24H10.5
1095	F36A4.1
3139	B0334.10
3829	F56D6.6
3487	F17E9.18
3143	F13A2.3
2445	R09E10.2
2118	K02A6.1
2808	Y37A1B.4
3148	K02F6.4
3837	sre-41
3498	str-114
3499	C17C3.5
3500	Y22D7AR.7
3845	ZK1290.15
3846	F39B3.3
3847	str-188
3849	F28A10.13
3153	R193.1
3505	bcc-1
2120	T22A3.6
2451	Y22D7AR.14
2815	fbxa-25
439	ZK84.5
754	nspa-3
1782	str-115
2124	F56D6.20
2125	chil-1
1097	F31F6.1
1784	F17E9.15
1785	Y47D7A.17
2128	M02G9.4
2818	Y71A12B.24
2464	C26H9A.3
2134	W08F4.7
2135	clec-182
3169	faah-5
2477	sru-24
3521	srx-62
3184	math-6
3185	F39F10.5
241	ant-1.1
440	pat-10
756	tag-18
1101	cpg-9
1797	W08A12.2
2146	ZC518.8
2486	sbsp-1
2850	tni-3
2851	scpl-1
2147	C25E10.10
1469	lbp-2
2149	nlp-23
757	ost-1
1102	ttr-16
1470	ttr-17
1800	ZC84.7
2150	T03E6.8
2495	srlf-23
2497	del-1
2153	inx-18
2498	F13G3.12
2499	dsc-1
1802	T21B6.3
2156	ZC487.2
2505	C05B5.16
2869	ZC373.3
2157	C12D8.21
2870	srv-31
2871	Y37F4.4
2872	T22F3.12
2873	lipl-8
1103	spp-10
1472	act-3
2158	F09E10.7
2159	F38B2.2
2511	pyt-1
1805	unc-27
2160	C32D5.8
2161	ctsa-1.1
3544	Y32F6B.9
3873	fbxa-188
4259	T28A11.20
4260	mab-23
3548	srp-3
4737	C07E3.8
5940	K08E5.1
5941	oac-3
4264	F07B7.13
5318	C36C5.14
5319	chil-4
6583	clec-122
3880	C17B7.3
4270	T25F10.1
4271	T28A11.3
4272	C01B7.7
3552	txt-3
5334	srlf-13
5335	F41G4.7
4757	H28G03.3
5337	sra-39
1473	W05B5.1
1806	picc-1
2162	cutl-8
2517	nlp-58
2163	tnt-3
3220	C53D5.1
3221	F21D9.3
2519	sfrp-1
2888	gsnl-1
3563	Y75B8A.10
3892	T02H6.6
3893	cut-1
2889	ZC374.2
3224	egl-13
3564	C44H4.6
4284	T12A7.10
4285	Y102A11A.1
5343	sodh-2
4765	T10B11.4
4286	F33E2.10
4287	deg-3
3565	ceh-33
3566	F49C5.7
3567	F36H5.18
1807	perm-2
2164	perm-4
2521	C44B7.5
2891	frm-1
3226	F39G3.2
3227	ddo-3
2165	lbp-3
2523	C53B7.2
2892	C50C3.2
3229	sdf-9
3572	Y69H2.15
3573	C17B7.8
2893	C53B7.3
3231	egl-15
441	tbb-1
758	col-167
1104	col-124
1474	col-118
1808	col-141
1809	pdzd-8
2169	fipr-27
1475	col-93
1810	col-126
2170	col-146
2171	col-161
2529	col-91
2896	dct-5
2897	K07E1.1
3235	C06E8.5
3576	fipr-26
3577	col-137
1811	col-20
2172	col-122
2530	W01F3.2
2531	cyp-34A10
2173	C39B5.5
2532	col-98
2903	fipr-21
3238	drd-10
3239	grsp-3
2904	C45B2.1
3240	haao-1
3241	C49F5.7
2905	cnc-8
3243	pqn-72
3588	nlp-27
3589	T09E8.4
1105	col-3
1476	ram-2
1812	dpy-4
2174	cpg-7
3244	F54D10.8
3927	Y43F8B.18
3928	C17A2.7
3246	Y47G6A.30
3931	nhr-271
3595	Y48G10A.6
3934	T08G5.2
3935	ZK899.5
4309	ZK112.4
4311	T04C12.8
2908	F36D1.8
3938	Y39B6A.27
3943	C47F8.5
3947	madf-4
3949	F36H9.1
3604	T28C12.2
4794	cutl-1
5361	Y61B8A.6
2175	F18E3.13
2536	col-157
2911	grd-6
2912	ugt-9
3254	C01G10.6
3255	ugt-66
2913	C27A7.8
1813	grd-10
2176	grd-13
2538	C16C2.4
3258	R160.13
3614	srj-38
3615	Y110A2AL.5
2915	ocrl-1
3260	T07C12.10
3616	str-233
3618	str-9
3964	F08G2.8
4341	F32H2.8
4803	T24D1.7
4343	F59B10.6
2539	skpo-3
3263	sqrd-1
3624	srg-34
3971	clec-162
4814	mig-21
4815	Y43F8B.28
3265	F26G1.2
3627	mab-3
2540	fip-5
2918	his-54
2919	C37A5.3
2541	col-130
1814	col-147
2542	far-7
2924	C36A4.11
2925	col-149
2179	C39D10.8
2544	ora-1
2926	F26G1.5
2927	col-145
2545	dos-1
2929	F45D3.4
3280	Y38E10A.14
3634	ttr-33
3976	catp-3
3977	srd-13
3635	fat-6
3978	hrg-2
3979	Y12A6A.1
4365	ins-33
3281	txt-11
3636	C15A11.7
3637	F45D11.15
1815	C02E7.7
2180	ZK1025.8
2181	Y48G8AL.12
2548	R02E4.3
2932	col-152
2933	gst-19
2549	col-175
2934	F27E5.7
3286	col-88
3287	grl-27
2935	C04G6.2
3288	cnc-11
3289	K02E11.10
759	twk-49
1106	rpl-12
1478	rbm-3.2
1816	phf-15
2936	sod-3
3292	gcy-35
2939	srx-84
2183	mdt-22
2552	ubxn-3
2940	iars-2
2941	K07H8.9
3298	Y57G11C.36
3988	F19B6.3
3989	B0205.5
4370	F41C3.1
4822	srxa-2
4823	C25H3.3
3991	Y39B6A.41
2553	znf-622
3993	srg-41
3301	B0432.8
3662	tpk-1
3998	str-187
3999	C26E6.1
3302	F13C5.1
4382	ZK721.4
4383	pik-1
4385	srv-28
4834	Y116A8C.43
3665	srt-45
4003	Y56A3A.16
4838	Y7A5A.8
4839	C40A11.8
4840	T06E4.21
4841	clec-125
4842	Y116F11B.9
4843	W02G9.3
4392	C26D10.3
4393	H37A05.2
4846	M04B2.7
4847	T05H4.4
4394	dhhc-7
4395	T05C7.8
1817	rpl-41.2
2184	his-9
4009	T27A8.3
3670	stdh-2
4854	srh-63
4855	clec-261
5408	srx-88
5409	sru-17
3673	srg-60
4018	fbxa-118
4413	reps-1
3675	Y34F4.3
3676	E04D5.5
4418	math-14
4419	Y59A8A.8
4871	Y71F9AM.11
4420	col-52
4874	fbxa-113
5424	Y55F3BR.10
5425	T08D2.6
5429	sra-35
5430	F49C5.9
4882	B0546.5
4883	B0546.3
4885	W02D7.11
4427	Y49E10.25
4430	clec-141
4893	sre-44
3682	C33G3.6
3683	nlp-81
4036	fog-1
4436	irld-47
6616	clec-104
3313	W09B7.2
5460	T16G12.10
7580	C54G10.1
6040	col-84
5464	Y60A9A.1
7587	W09B7.1
6045	srt-44
6046	wrt-7
6048	trxr-2
6049	Y16E11A.4
6050	lin-38
6052	H25P06.5
6648	srh-40
5470	srt-52
6055	str-102
7187	F36D4.6
4444	sri-40
4915	C07G3.8
5473	C07G1.7
5475	F59A7.12
6065	cya-2
7193	clh-6
6663	Y43F4A.3
4918	Y71F9B.6
5480	nhr-110
6665	F07B7.1
6667	seb-2
6668	F22B3.5
7206	F42E8.1
6073	grl-3
6672	T01G6.10
7631	W02D7.12
7216	F42A6.1
7633	H14A12.5
4921	hsp-60
3688	nola-3
5486	usp-3
4924	mltn-11
6081	K07D4.2
4450	C56G2.3
4926	K09H11.11
5494	F14D2.5
5495	C05A2.4
4928	gpa-16
5499	K02F3.2
5501	Y11D7A.8
6689	F11A5.18
5504	Y52B11A.11
6100	F33H12.1
6101	F29C12.6
7226	C31E10.11
7227	H12I19.115
5508	srh-284
5509	tyr-5
4935	F20A1.2
6110	snf-6
6111	Y19D10A.11
4048	luc-7L3
4456	F20B6.6
4457	H14N18.4
4946	mrpl-45
6119	Y20F4.8
4462	H21P03.10
4464	ZC404.16
6122	Y38H6C.4
6129	K08D9.2
5530	Y53C12A.11
5531	Y39G10AL.1
4469	srbc-79
4963	srt-34
5541	C18G1.7
4058	cox-16
4474	cpb-1
4972	C16C8.19
4973	fog-3
5547	ogr-2
6153	sra-22
4475	srxa-5
3319	F47B10.4
1479	fos-1
1818	amph-1
2186	ttr-14
2558	cnp-2
2952	C49F8.1
2953	eol-1
3323	srh-181
2559	D1086.10
2955	srp-7
2187	spex-3
2560	ule-4
2957	ule-2
3327	ttr-3
3703	ttr-2
2561	C35B1.4
1819	mel-32
2188	ZK675.4
2960	C25F9.9
3705	F15H10.5
4071	H02F09.3
4483	F09C12.2
2961	H12D21.6
2563	Y65B4BL.6
2963	F13B6.3
3334	D2092.8
3711	aqp-6
4074	K06B9.6
4488	clec-2
4489	amt-1
3713	F07G6.8
4076	cutl-18
4077	ZK896.1
2189	ogdh-1
2564	rpl-11.2
3336	spig-9
4078	T07G12.2
4079	C09G9.5
4497	Y49F6B.12
3715	ZK105.6
4080	mltn-13
4081	R11D1.3
4501	clec-185
4994	ZK218.4
4995	nhr-290
4082	grl-6
4502	ZK218.7
4503	srsx-12
4998	nhr-185
4999	ZK1010.4
5000	F11A6.16
6163	smoc-1
5570	C34D10.1
5003	T19C9.8
6168	F56H6.7
6171	str-82
6745	E03H4.11
3717	sqt-1
4084	ZK1025.3
4506	K07H8.8
6172	srg-45
6748	ins-13
6749	W08G11.5
4507	T03G6.1
5006	T06G6.6
5578	R05A10.6
5579	T13F2.4
6180	T27C5.8
6181	nhr-135
5007	sams-4
4085	col-73
4508	col-41
5008	qua-1
5009	numr-2
4509	F57H12.6
2965	rps-8
5589	F25E5.5
5591	srz-62
4511	C40H1.8
6759	Y73C8B.9
7263	R53.8
6760	srw-55
7270	igdb-1
7962	ZK666.12
7963	Y48G9A.6
7275	M04G7.5
7965	srw-73
6206	F09G8.10
6207	clec-70
5602	F46C3.2
6776	col-164
6777	nhr-265
7281	Y45F3A.5
7283	srx-59
7970	R02E4.1
7971	srj-37
7975	srx-122
7680	C04E12.2
7681	dlc-4
5023	C04G2.10
5610	C36C5.15
5026	poml-4
5614	F31F4.11
6794	F17B5.4
6795	sdz-19
6797	csp-3
3339	nap-1
5617	C25D7.9
5031	chkr-1
6235	fbxa-154
6239	R119.2
6810	Y92H12BR.7
7306	his-73
7307	ztf-20
3721	eef-1A.2
4092	jun-1
4522	mnm-2
5034	B0310.3
6243	clec-243
6817	sir-2.3
7696	F53H4.6
7698	K02H11.9
7989	trx-5
7990	F14H12.8
8260	C10A4.7
8261	C03B1.14
8521	gap-3
5035	fbxa-115
5628	gpn-1
6247	egl-17
7994	Y108F1.5
7995	srbc-27
7706	K07A1.20
7999	fbxa-116
6824	F19G12.8
7326	F25E5.4
7327	F28H1.1
8757	F19B2.6
7721	K08E5.6
4523	sor-1
5036	nhr-227
6251	F53E10.5
5633	Y54G11A.4
6253	famp-1
8012	C34C12.12
8288	W01C8.1
8289	B0250.8
7728	srd-8
8293	snf-3
8546	aakg-1
8766	C10A4.1
4093	C30F12.5
4524	tba-8
5634	fbxb-14
5635	R13D11.3
5039	nhr-74
5636	K02H11.4
5637	eff-1
7336	ptr-8
7337	C18A11.4
8022	T04H1.12
8023	C49C8.2
6261	C15F1.2
6843	F21G4.5
7338	pals-31
5040	F26D2.3
5041	col-176
2565	ZK632.9
2967	dad-1
3340	C14F11.4
3722	F53H4.2
4094	ttr-51
4526	F22H10.6
4527	H12D21.3
4095	F58H1.7
4528	flp-14
5642	F17C11.2
5643	F57A8.7
6265	ins-17
4529	K12H6.10
5048	T16G12.12
5049	K09H11.4
6268	F46H5.5
6851	C37C3.11
3723	sth-1
4096	Y47G6A.15
4097	ttr-34
4532	F15G9.1
4533	T04F3.1
5052	C40C9.3
5053	C36E6.8
5650	acd-1
5651	ZK652.8
6273	M01A8.1
7344	cil-7
7345	bath-46
6855	dmsr-12
7347	F55B11.7
7744	F55B11.6
8032	srz-79
8033	srt-49
8303	sri-13
3341	nduo-6
3724	lec-9
4098	dct-16
4535	Y119D3B.21
4099	rla-1
4536	asp-1
5056	asp-6
5654	cpr-9
6275	asah-1
6856	clec-47
7349	F27D9.2
7747	F42A10.7
6857	F01D5.2
7350	clec-74
7351	Y47H9C.1
8039	R10D12.6
8040	pgp-3
8310	Y47H10A.3
8311	K12B6.11
5655	F53B2.8
6277	dod-19
6859	msra-1
5656	cyp-37B1
6861	Y71H2B.8
6862	ent-7
8042	F38A1.6
8313	str-43
8314	srd-35
8564	che-6
8565	kgb-2
8315	hrg-7
8044	K05F6.10
7359	acs-9
7757	F21C10.18
8320	clec-71
8321	F28H7.2
8047	T25B6.6
8578	M199.8
8579	cyp-13A4
8582	spp-11
8784	T06E6.15
8785	fbxa-189
8586	asp-16
8793	clec-29
8051	F55G11.7
8588	sre-11
8797	cyp-35B2
9055	B0462.5
7361	Y54G2A.45
7760	C32H11.4
8054	cyp-13A7
8055	bath-47
8334	lys-5
8590	Y26D4A.3
8591	F23F12.13
8335	clec-49
5657	srx-115
7762	F21C10.9
8056	clec-127
8060	Y54G2A.38
8061	C25F9.8
7765	fbxa-43
8352	W02D7.8
7767	pals-5
8607	EGAP2.2
6281	ace-3
7366	arrd-3
7770	T25G12.13
8070	F26D10.13
6867	hic-1
7368	C13A2.5
7772	C09F12.3
8074	E04D5.4
8075	Y57E12B.4
7774	clec-59
8079	F20D6.2
8368	srb-17
8616	clec-9
8617	fbxa-48
4537	dod-3
5058	pud-1.1
5658	nspg-3
6282	str-217
7777	T06D4.2
6283	slc-9B.2
5659	fbxa-157
7375	Y64G10A.1
6873	Y6E2A.1
7378	oac-58
7786	Y39H10B.3
7787	C25F9.4
5059	T01C8.3
6286	Y57E12B.11
6877	sre-31
7381	cyp-33C5
6287	T27A1.1
8095	C25A1.15
7792	clec-202
8098	F07G6.5
8099	rabr-4
8386	C55B6.7
8387	gly-17
6879	cln-3.1
8814	gst-25
8815	R09D1.14
8389	cTel54X.2
8631	clec-57
8105	drd-5
8633	C25F9.15
8391	C46F2.1
8823	clec-15
8635	clec-56
8824	clec-85
5661	F38A1.9
6288	nspg-1
6881	clec-168
7386	thn-4
7387	W02A2.5
6289	F55G1.7
8636	T09E11.6
8112	srg-14
8113	oac-54
8117	glct-1
8119	clec-31
8403	sre-19
3725	T24H7.2
4100	nhr-132
4538	clec-196
5060	F59B2.3
5662	hnd-1
5663	rmd-2
6292	C09B8.4
6293	dhs-8
6888	C52E2.3
6889	F56D5.3
7394	W04B5.6
7395	nhr-57
6294	pgp-6
6891	cyp-34A9
7401	T22B7.3
7819	ZK262.20
5665	Y53F4B.26
6296	fbxc-29
6895	Y51A2A.16
6297	rips-1
6897	acdh-1
7404	ZK1240.1
7824	Y62H9A.11
7825	scl-12
4539	C52D10.3
5667	gon-2
6898	T10B5.7
7826	F42H10.6
8130	fmo-2
8131	C03H5.4
8413	C06E4.1
7408	srw-138
7833	trpl-5
6299	F09G2.1
7834	hrg-5
7835	C10A4.13
7836	C46H11.1
8144	lipl-5
8425	F40D4.13
7838	clec-40
7839	str-124
8150	Y113G7B.12
8151	M02F4.2
8429	ugt-44
8657	F58E6.4
5063	pud-2.2
5669	F52D1.2
6903	pes-5
6301	grl-26
4101	pph-6
4540	Y59A8B.26
4541	rbpl-1
5066	hil-4
5670	clec-87
6302	rgs-11
6906	grif-1
7419	F44E2.8
7849	mtx-1
8156	tre-1
8157	ZK829.9
6907	rnr-2
7421	C29H12.2
7850	adm-4
7851	F15A4.10
8160	R09F10.8
8440	F56H6.2
8441	irld-26
8161	sdz-37
8442	math-7
8443	ints-6
8667	tag-276
6303	scyl-1
6908	cpg-3
7422	Y46H3C.7
7423	cbd-1
7854	gst-7
8162	Y105C5B.20
8669	B0416.10
8670	F23D12.2
8843	clec-134
8671	fbxa-184
8163	B0281.4
8446	W06D11.5
8674	rgs-10
8675	srd-42
7855	ilys-5
8448	fbxa-181
8677	F12E12.6
8850	tbx-33
8851	C02F12.8
8678	srg-62
6909	K02B12.6
7425	ife-1
7856	F37A4.5
8166	B0457.4
8450	H12I13.6
8451	Y81B9A.3
8167	Y69A2AR.46
8453	Y116A8C.469
8685	C15H11.10
8858	F22F7.11
8859	F07B7.7
8168	Y73F8A.32
8455	str-141
8169	W10C8.5
8456	F36A2.14
8457	icmt-1
5671	glh-1
6304	bath-36
6910	gad-2
7859	F13A2.5
8170	ZC262.12
8171	nhr-111
8460	R13A1.10
8697	irg-6
8866	cyp-35A1
8867	C03B1.4
6911	sip-1
7860	C04G6.6
7861	F13A2.2
8174	Y20F4.4
8175	ZC262.11
7429	F16B4.6
7862	Y47G7B.2
7863	T16H12.13
8468	K11D2.1
8469	C16C8.20
8700	Y92H12BL.4
8701	plep-1
8703	C16C8.25
8875	ZK643.6
9005	R03D7.15
8471	F57A10.2
6305	erh-1
7430	pigw-1
7431	Y48G1BM.6
7866	F49H6.8
7867	timm-17B.2
8182	C01G12.16
8472	C49C8.3
8709	Y53F4B.10
8879	ZK666.4
8881	bath-13
8713	F49H6.5
6913	C36B1.11
8478	math-31
8479	T25B2.4
8481	Y52E8A.1
8720	scrt-1
8483	H11E01.2
8189	F15D4.6
6306	fipr-2
6915	Y73F4A.2
7434	myo-1
7872	F41E6.15
7873	C45G9.6
7435	fipr-6
7875	abu-9
6916	C33A12.4
7437	capa-1
7876	flp-27
7877	daf-28
7438	fbxb-75
7878	C50F4.6
8200	dsl-2
8492	C35D6.3
8493	his-60
8728	F23D12.4
8899	F21D9.1
9020	ets-7
9021	ceh-51
8729	ZK177.1
8900	sdz-15
8901	sdz-13
8494	D1086.12
8731	T16A1.4
8903	R107.5
8495	ZK402.2
8733	fbxb-74
8904	Y116F11A.1
8905	lag-2
8202	unc-25
8496	lim-9
8497	ins-23
8738	oac-4
8908	fbxb-38
8909	ref-1
8912	C49G7.12
8913	srj-6
7880	lec-4
7881	pah-1
8206	C16B8.3
8207	Y47D7A.6
8502	F21C10.13
8742	gst-21
8743	vit-2
8916	C17F4.7
8917	vit-3
8503	T28D6.3
1107	his-41
1480	flp-11
1820	F53F4.2
2190	unc-13
2191	Y44A6D.7
1821	F46C5.7
1481	hil-7
1822	pcf-11
2194	ZK813.6
2572	D1054.9
2968	srr-1
3342	C17H11.5
4102	T14G12.6
4544	ptr-19
4545	sre-40
5080	srh-211
5081	Y75B8A.33
4556	srt-39
4113	srsx-36
5093	srw-112
2573	nspg-5
2970	ZC449.5
3346	B0198.3
3734	cutl-24
4118	ZK643.2
4119	col-53
4565	str-18
4120	Y54G2A.26
5096	F36H5.12
5097	Y73C8C.4
4567	madd-4
5099	unc-42
5689	C29H12.6
6316	ptb-1
6317	tsp-7
4121	cutl-13
4568	nhr-129
4569	F14F9.5
5103	scl-11
4123	mam-5
2971	W04E12.9
3348	W01C9.1
3738	cutl-11
5695	C38H2.3
5697	srx-6
5113	W01C9.2
5114	srh-34
5118	F41H10.12
3349	T01E8.8
3740	nep-1
4128	nhr-173
5724	srx-54
7451	F11D5.7
5727	K04G11.1
5728	Y5H2A.1
6357	Y47D7A.3
6954	srz-54
5735	irld-36
6361	F38H12.5
5133	F54D12.8
5739	C44C10.10
4586	C33C12.11
5740	pals-11
5741	F54D12.1
4587	F35A5.5
5743	srd-48
2195	W04A8.4
2574	vab-3
2972	idh-1
3742	tag-4
4132	C35E7.6
4590	hil-6
4591	Y46C8AL.11
3743	cpt-5
4134	cutl-25
5745	grl-29
4135	fbxc-15
4594	str-32
5145	frpr-19
5146	che-1
5748	tmem-145
5749	gst-17
5147	Y7A5A.9
3744	Y37E3.30
4596	C01G6.3
5148	F45E10.2
5149	C17H11.4
5754	ZK938.11
5755	F27D4.12
4597	F26F2.5
4599	srz-23
4138	F48G7.4
4600	F36F2.7
5154	pax-3
6392	pbo-6
5765	str-139
6394	T27A8.7
6395	Y80D4G.2
5766	Y43F8B.9
4602	Y42G9A.3
5158	srh-308
4603	dyf-5
5160	F47C12.6
5161	Y43F8C.16
5775	Y110A2AL.7
2973	natc-2
3352	aqp-2
4140	T05A7.3
4141	hot-6
4606	ZK262.9
6413	clec-112
6993	C46E10.3
5165	Y54G2A.57
3747	fig-1
4142	T15D6.8
5166	K08C9.6
5785	math-38
4143	T19E7.6
4610	madf-1
4611	mltn-3
5171	glna-2
3748	D2024.4
4613	srx-128
4615	mam-8
5176	tba-6
6424	Y7A5A.13
6425	srbc-1
5178	Y38E10A.2
5179	srab-9
6428	srw-113
5180	ZK816.3
5802	sri-61
5803	Y55B1BL.2
4618	lips-11
5804	srlf-9
6436	nstp-7
2575	T02E9.5
2974	hbl-1
3354	eva-1
3750	F18C5.9
4148	flp-19
4149	K05C4.2
4623	dyf-7
3751	F38B6.6
4150	arl-3
4624	egl-1
4625	C03C10.5
5190	trx-1
5191	mks-2
4151	cutl-3
4626	mig-1
5193	twk-35
5815	F54D12.10
6438	wve-1
6439	nas-3
4627	cutl-16
5194	cutl-10
5817	unc-3
6441	ncr-1
7016	col-86
7017	Y41G9A.6
5195	T09F5.2
5818	sem-4
5819	C18D4.6
6445	F21A3.3
3355	enpl-1
3752	Y65A5A.1
5820	F35E8.10
5821	T02E9.6
6451	sre-32
4629	nhr-242
5824	ensh-1
7028	clec-189
7029	str-71
5200	clec-260
6460	str-140
6461	srbc-65
6463	srz-83
4631	F23D12.10
5832	dmsr-5
6467	srh-42
7489	srbc-78
3753	F54E2.2
5835	clec-68
5836	oac-32
5206	ZK218.3
7055	K10D11.4
4634	ace-4
7505	ZK228.13
7059	T09A12.8
5843	nas-33
6484	sknr-1
6485	T22B2.5
7067	srw-41
7519	Y19D10A.2
7521	clec-90
6493	F09C6.15
6494	F35E8.2
7079	Y53F4B.5
2975	his-24
3356	hlh-16
3357	fbxa-3
3756	E01G4.5
4156	ins-2
4638	cnd-1
4639	npp-26
3757	fbxc-34
4640	lin-11
5218	gpa-9
5219	fbxc-20
6498	fbxa-103
6499	Y53F4B.17
5860	C07C7.1
6500	Y73F8A.22
5861	nhr-207
6502	C09G12.17
7089	duox-2
6503	hpo-7
4159	lin-32
5863	C37E2.3
6507	Y113G7B.11
5224	F53G2.1
5225	zip-7
5866	F53B6.13
7098	thn-6
7099	str-14
7101	sdz-28
1823	hsp-12.2
2576	lmd-5
2976	scl-5
3759	srd-53
3760	C17B7.9
3762	cri-1
4171	jmjd-4
2577	F41G3.3
3362	dlc-5
3765	T26A8.3
3363	dpf-1
3766	K05G3.2
3767	Y39A3B.1
4658	F20A1.8
4659	F09C6.11
4179	C13A2.10
4661	srb-1
2979	Y62F5A.9
3364	W09G12.7
4662	smf-2
5875	F16H6.3
4182	irld-62
5250	srh-223
5251	oac-13
4183	Y25C1A.2
5255	sre-2
3365	lhfp-4
4184	twk-9
4670	nmur-3
5260	T04C4.3
5886	F41E7.9
5887	T06C12.14
8221	T12A2.21
6530	Y43F8B.19
4187	ZK265.7
4674	ZK177.11
5267	K04H8.3
6534	F20A1.4
6535	D1086.21
7117	F40H6.5
5268	T24D5.3
6540	gst-29
6541	glt-5
2197	tnc-2
2578	W08E12.2
2980	W08E12.4
3366	nas-1
3367	twk-12
2981	nspb-8
2579	abu-14
2982	cpg-19
3370	K06A9.2
4676	C33B4.5
4189	Y48A6B.8
5912	vmo-1
6548	mgl-3
7132	srj-7
7133	nhr-27
5281	ceh-84
5915	T25E4.2
3780	Y102A5C.40
5285	Y37H2A.11
3781	tfbm-1
4195	ZC15.3
2983	idpc-1
3372	ZK662.2
3782	idpc-7
4197	glb-6
4198	T26E4.10
6557	srlf-37
5920	srg-59
3784	idpc-5
4699	lgc-19
5295	sru-28
4700	C41C4.9
4701	srd-51
4203	T24C12.4
5301	idpp-8
5930	epic-3
7140	srlf-26
7142	C54E10.10
5933	Y51H7BR.8
